Attraction-Request_Area,What area of town are you interested in?
Attraction-Inform_Area,Old Schools is located in the centre area.
Attraction-Inform_Type,This attraction is architecture type 
Attraction-Inform_Choice,There are many types of attractions available. which do you like to see?
Booking-Request_Time,What time would you like to dine?
general-reqmore_none,Is there anything else I can help you with?
Booking-Request_Day,Can you tell me what day you want to start your stay?
Booking-Inform_none,Would you like for me to book a reservation?
Taxi-Request_Dest,What is your destination for taxi booking?
Booking-Book_Ref,Your booking was successful. Reference number is : Ref
Attraction-Recommend_Post,The postcode is Post.
Attraction-Recommend_Name,Name is a free museum located in the centre.
Taxi-Inform_Phone,The contact number of the taxi is Phone.
Taxi-Inform_Car,It is a grey skoda car.
Restaurant-Recommend_Area,I would recommend Name  in the Center. 
Restaurant-Recommend_Price,It is a good restaurant in the cheap price range. 
Restaurant-Recommend_Name,Name serves italian cuisine in the city centre.  Would you like a reservation?
Train-Request_Leave,And what time would you like to leave?
Train-Request_Day,What day would you like to travel?
Attraction-Inform_Post,The postcode is Post
Attraction-Inform_Name,I would try Name located at herschel road.
Attraction-Inform_Phone,The phone number of Name is Phone
general-bye_none,Goodbye.
Attraction-Recommend_Area,I recommend Name located in the centre of town. 
Attraction-Inform_Addr,"Name is on Addr, postcode Post."
Train-Inform_Arrive,"All right, the Id leaves at 13:59 and arrives at Arrive. "
Train-Inform_Id,I have train Id leaving at 6:09 
general-welcome_none,You're welcome.
Train-OfferBooked_Ref,Your reference number is : Ref.
Train-Request_Depart,Which station do you wish to depart from?
Train-Request_Dest,"Can you tell me where you are heading to, please? "
Train-Inform_Leave,The train leaves Peterborough at Leave.
Train-OfferBook_none,Would you like me to book the train for you?
Restaurant-Inform_Post,The postcode of Name is Post.
Train-Inform_Time,Total travel time is 50 minutes. 
Restaurant-NoOffer_Food,I'm sorry but there are no restaurants that offer this food tyoe. Is there another type that might interest you?
Restaurant-NoOffer_Area,There are no Foodrestaurants in the Area. 
Hotel-Request_Area,what area would you like to be in ? 
Hotel-Request_Price,Would you prefer moderate or expensive priced?
Hotel-NoOffer_none,"Unfortunately, I don't show anything in the north that is expensive. Can I try another area or price range for you? "
Restaurant-Inform_Food,"What type of cuisine do you want? Chinese, Indian, Italian, and Mexican cuisines are available."
Restaurant-Inform_Name,There is one restuarant called Name in town. 
Restaurant-Request_Area,Do you have a preference on area?
Restaurant-NoOffer_none,I'm sorry but no. Would you like to try any other type of food?
Booking-Book_Name,I've booked your table for at Name. 
Restaurant-Inform_Price,Name is in the expensive price range
Hotel-NoOffer_Type,There are no hotels in the north with your criteria. Would you like to try a different preference
Hotel-Recommend_Name,I would recommend acorn guest house? 
Restaurant-Request_Name, what is the name of the restaurant you are looking for?
Restaurant-NoOffer_Price,I'm sorry there are no results for Food food in the north that are expensive
Restaurant-Inform_Addr,Name is located at Addr.
Restaurant-Inform_Phone,The phone number for darrys Cookhouse is Phone.
Booking-Request_People, How many people will be staying?
Hotel-Inform_Name,I have Name.
Booking-NoBook_none,"I'm sorry, that isn't available.  Can I find a different hotel for you today?"
Booking-Request_Stay,Sure!  Can you tell me for how many nights would you stay?
Restaurant-Request_Price,What price range would you like? 
Attraction-Request_Type,What tyoe of place you are looking for?
Hotel-Inform_Ref,Ok. Your reference number is : Ref.
Hotel-Inform_Type,I have 3 guest house and 2 hotels and 1 4 star place.
Hotel-Inform_Choice,There are 5 hotels that meet your criteria. 
Hotel-NoOffer_Price,There are no 4 star expensive hotels in the east side. Would you prefer to try another area or price point?
Hotel-Inform_Addr,The address of Name is Addr.
Hotel-Inform_Post,The postcode of hotel is cb41da. 
Hotel-Inform_Area,The guest house is in the centre of town.
Hotel-Inform_Internet,The Hotel has internet. 
Hotel-Recommend_Price,I could recommend the Acorn Guest House that is moderately priced.
Hotel-Recommend_Area,I recommend the Acorn Guest House which is located in the north.
Hotel-Recommend_Stars,The Bridge Guest House is 3 stars.
Restaurant-Request_Food,What kind of food are you looking for?
Restaurant-Inform_Area,The restaurant is in the centre area of town.
Restaurant-Select_Food,"Would you like British, Indian, Gastropub, or Chinese?"
Restaurant-Inform_Choice,I have 10 chinese restaurants in the centre area. 
Booking-Book_People,I have booked for 7 people. 
general-greet_none,I can help you with that.
Hotel-Request_Stars,Is there a specific star rating that you would like?
Booking-Book_Time,I've booked your table for 13:45
Booking-Book_Day,I have successfully booked your table on Friday.
Taxi-Request_Leave,What time would you like to leave for your taxi?
Taxi-Request_Depart,"sure, where do you want to depart?"
Restaurant-Select_none,Which one would you prefer?
Restaurant-Select_none,The Idtrain arrives at cambridge at Arrive.
Train-Inform_Ticket,The train ticket will cost 37.80 pounds. TrainID is TR2058. 
Booking-Inform_Stay,I can book you for 4 nights.
Booking-NoBook_Ref,Your reference number is Ref. Is there anything else I can help you with today?
Hotel-Inform_Parking,Name has no free parking.
Hotel-Select_none,There are two hotels and 1 guesthouse. Which one would you prefer?
Train-OfferBooked_Ticket,I successfully booked you on Train Id. Your reference number is Ref.
Train-OfferBooked_People,I've booked 8 tickets for you on the train. 
Train-Request_Arrive,And what time would you like to arrive by?
Booking-Inform_Name,Would you like to book Name
Hotel-Inform_Stars,Name has 4 stars.
Hotel-Request_Type,What type of hotel are you looking for?
Hotel-Inform_none,Yes I can.
Restaurant-Recommend_Food,Name serves nice british food.
Attraction-Inform_Fee,The entrance fee for Name is free. 
Train-Inform_Depart,Train TR3515 will be leaving Cambridge at Leave.
Train-Inform_Day,Train TR3515 will be leaving Cambridge on Tuesday.
Attraction-Recommend_Fee,The entree fee is free. 
Booking-Book_Stay,I have booked the hotel for 4 nights. 
Hotel-Request_Parking,Will you need free parking?
Hotel-Request_Internet,Do you need access to wifi?
Hotel-Inform_Price,Hotel Name is moderately priced. 
Attraction-Recommend_Phone,How about the holy trinity church? The phone number is Phone.
Attraction-Select_Type,"There are 44 attractions in the center of town. Would you like a museum, or a cinema perhaps?"
Train-Request_People,"Certainly, how many tickets do you need?"
Train-Inform_Choice,There are 14 trains that you can choose from. 
Attraction-Recommend_Addr,How about the holy trinity church? The address is Addr.
Booking-NoBook_Stay,There are no bookings available for 2 days of stay.
Booking-NoBook_Day,Unfortunately there is no booking available on Sunday. 
Booking-NoBook_People,Neither hotel appears to be available for three people.
Train-OfferBooked_Id,I have booked you 4 tickets on train Id. 
Taxi-Request_Arrive,What time would you like to arrive for your taxi?
Attraction-Inform_none,"i have their info, what would you like to know?"
Train-Inform_Ref,Your reference number is : Ref.
Hotel-NoOffer_Area,It looks like there aren't any hotels in the north. 
Train-Select_none,There are trains departing from Birmingham New Street from Leave. What time would you like to travel?
Restaurant-Select_Area,Do you prefer a restaurant in East or Centre?
Hotel-Inform_Phone,The hotel phone number is Phone.
Booking-Inform_Day,I will book your reservation for Sunday.
Train-OfferBooked_Leave,Your train has been booked leaving at Leave.
Hotel-Select_Price,Would you prefer a moderate price or something cheap?
Train-NoOffer_none,Unfortunately there are no trains available.
Hotel-NoOffer_Stars,It looks like there aren't any 4 star hotels.
Hotel-Recommend_Parking,Might I suggest The Acorn Guest House that has free parking.
Attraction-NoOffer_Area,I can't find any multiple sports attractions in town centre.
Train-OfferBooked_Depart,I have booked TR0315 departing at 13:00 for you. 
Train-OfferBooked_Dest,I have booked train with destination Broxbourne.
Booking-Inform_People,I will book the hotel for 5 people.
Restaurant-Recommend_Addr,I would recommend Name located at Addr.
Train-OfferBook_Leave,"How about TR7786, it departs at Leave."
Train-OfferBook_Id,Id leaves at Leave and arrives at Arrive. Shall I book you a seat?
Train-Select_Arrive,Would you like to arrive by 06:07 or arrive by 08:07?
Train-OfferBooked_Time,I have booked your ticket. The duration of the trip will be 51 minutes.
Train-OfferBooked_Arrive,I have booked your ticket. TR9236 arrives at birmingham new street at Arrive.
Train-Inform_People,The price for four tickets would be 66 GBP.
Hotel-Recommend_Internet,I recommend The Acorn Guest House that has free wifi. 
Restaurant-Select_Price,Would you prefer cheap or expensive restaurant? 
Train-Select_Leave,Would you like to leave at 05:29 or Leave?
Train-OfferBook_People,I can book tickets for three people.
Hotel-Recommend_Addr,I recommend the Warkworth House at Addr. 
Hotel-Request_Name,What is the name of the hotel you are looking for?
Hotel-Select_Name,Either the Bridge Guest House or The Lensfield Hotel seem like they would work for you. Which one do you prefer?
Hotel-Select_Choice,Would you like to book a room at a hotel or guest house?
Taxi-Inform_Depart,I have booked a cab to pick you up from Depart.
Taxi-Inform_none,I have your taxi booked.
Taxi-Inform_Dest,I have booked a cab to drop you to Dest.
Taxi-Inform_Leave,Your taxi will be leaving at Leave. 
Attraction-Recommend_Type,"If you are interested in architecture, there is All Saints Church."
Attraction-Select_none,"I've heard the Camboats are fun, as well as the Funky Fun House.  Do either of those interest you?"
Booking-NoBook_Time,Unfortunately there is nothing available for 18:00 on Sunday. 
Train-Select_Id,Would you prefer the Id Train or the Id Train?
Booking-Book_none,Your hotel has been booked.
Train-OfferBook_Arrive,May I recommend the TR9246 train arriving at Arrive?
Train-OfferBook_Dest,How about TR9823 arriving in cambridge?  Would you like me to book a seat for you?
Train-OfferBook_Depart,TR9732 departs from Cambridge. Would you like for me to book that?
Restaurant-Recommend_Phone,How about the oak bistro located at 6 lensfield road.  Their phone number is Phone.
Hotel-Recommend_none,There is only one expensive hotel on the south side. Would you like to book at The Lensfield Hotel?
Restaurant-Select_Name,You have a choice between Sala Thong and Bangkok City. Which one do you prefer?
Taxi-Inform_Arrive,The cab will get you to the destination by Arrive.
Train-OfferBooked_Day,I have booked the tickets for Thursday.
Attraction-NoOffer_Type,There are no Type attractions in the  town.  
Attraction-NoOffer_none,I don't have anything that meets those criteria. Can I check something else for you?
Attraction-Request_Price,I have over 40 great attractions in the town centre. How do you feel about entrance fees?
Attraction-Request_Name,There are 13 colleges in the centre. Are you looking for one in particular?
Hotel-Select_Type,I have 6 places. Would you prefer a guesthouse or a hotel?
Booking-NoBook_Name,"I'm sorry, Name is not available."
Booking-Inform_Ref,Your reference number is: Ref. Can I help with anything else?
Restaurant-Inform_Ref,Your reference number is Ref. Can I help you with anything else today?
Attraction-Select_Area,Were you looking to visit an attraction in the west or centre?
Hotel-Recommend_Type,Would you like to stay at Name? It's a cheap guesthouse.
Train-Select_Day,Are you looking for a train on Sunday?
Booking-Inform_Time,I will book your reservation for 10:00.
Hotel-Select_Area,There are two expensive hotels that satisfy your criteria. Do you prefer the centre or the south?
Hotel-Recommend_Phone,I'll recommend Hamilton Lodge. Their phone number is 01223365664
Hotel-Recommend_Post,I recommend Archway House in postcode Post. 
Hotel-NoOffer_Internet,There aren't any cheap 3 star hotels that have free wifi. 
Attraction-Select_Name,Okay! You can choose Name or Name. Do either of these appeal to you?
Train-OfferBook_Day,I can book you a train for Friday. Would you like to book it?
Restaurant-Recommend_Choice,I have two places to recommend. Name serves Portuguese and the Name serves Chinese.
Train-Inform_none,I have train TR7420 that is departing at 18:01 and arrives by 20:44. Would that be acceptable? 
Restaurant-Recommend_Post,i'd recommend the oak bistro. their postcode is Post.
Hotel-Select_Stars,Do you want a 4 star hotel Area?
Train-OfferBooked_none,"Okay, your ticket has been booked! "
Restaurant-Select_Choice,"The two choices are chinese and asian oriental,which one would you like?"
Restaurant-Recommend_none,"Great, there's a restaurant called kymmoy that fits your criteria. Would you like their information?"
Train-NoOffer_Depart,There are no trains leaving cambridge.
Train-NoOffer_Dest,There are no trains going to cambridge.
Train-Select_Ticket,There are 2 trains that meet your needs. One arrives at 22:10 and one arrives at 24:10. Both are 10.24 pounds. Would you like for me to book one?
Attraction-Select_Fee,There are 5 located in the centre. Would you prefer one that is free?
Hotel-NoOffer_Parking,"I am sorry, there are no guest houses with free parking.  "
Train-Select_Choice,We have 3 trains that match that criteria. Which one would you like me to book for you?
Train-OfferBook_Time,"The travel time is 51 minutes, would you like me to book it for you?"
Train-NoOffer_Leave,There are no trains leaving at Leave. 
Hotel-Select_Parking,"There's a hotel without free parking available. Or, if you need the free parking, would a cheap guesthouse work instead?"
Restaurant-Inform_none,"Yes, the restaurant is called Name you are booked for 4. Your reference number is Ref. Do you need anything else? "
Attraction-Inform_Price,The entrance fee of Name is Price.
Train-OfferBook_Ticket,Shall I book the ticket for you?
Attraction-Recommend_Choice,There are quite a few! I recommend Name or the Name.
Train-NoOffer_Day,That train does not travel on Sunday.
Attraction-Recommend_none,"sheep's green and lammas land park fen causeway is a park in the south. It's very nice, and admission is free. Can I get you any other information on the park?"
Train-OfferBook_Choice,i have several trains available. Shall I book you a seat?
Attraction-Inform_Open,I'm sorry. We don't know what time it will be open.
Hotel-Select_Internet,How about a hotel with free wifi?
Train-Select_Depart,"Just to confirm, do you want a train from Kings Lynn. "
Train-Select_Dest,I just want to confirm. You need a train on Friday to Stansted Airport?
Restaurant-NoOffer_Choice,"I'm sorry, there are no options for the criteria you have provided. "
Attraction-NoOffer_Name,i am sorry but i actually am not finding any information for Name. let me do another search for you.
Attraction-Recommend_Price,My favorite is Christ's College and there is no entrance fee.
Hotel-Recommend_Choice,Alexander Bed and Breakfast and El Shaddai are both guesthouses that fit what you are looking for.
Attraction-Select_Choice,What are you into? Do you like theatre? Museums?
Hotel-NoOffer_Name,I am sorry I cannot find Name for you.
Train-NoOffer_Arrive,There are no trains that arrive at Arrive.
Attraction-NoOffer_Choice,I have none available in the centre.
Restaurant-NoOffer_Name,Name isn't in the west part of town.
Train-OfferBooked_Choice,I have you booked on the Choice train. Your reference number is FIDSQKSN. Is there anything else I can assist you with today?
Restaurant-Select_Addr,How about Golden Wok located at 191 Histon Road Chesterton?
Train-OfferBook_Ref,All set! Your reference number is Ref. 
Attraction-Recommend_Open,I recommend castle galleries which is open.
Hotel-NoOffer_Choice,"We have many guest houses, but none of them have a two star rating. Could I find something else for you?"
Train-NoOffer_Id,"Sorry it looks like Id is no longer available, I will substitute with Id which arrives same time."
Hotel-Select_Addr,We have ashley hotel on Addr or lovell lodge on milton. Would you like me to book one of those?
Attraction-Select_Phone,You can try Camboats whose phone number is Phone.
Attraction-Select_Price,Would you rather have a free museum or go to one with a Price?
Attraction-NoOffer_Addr,"I'm sorry, but I don't see any attractions at address Addr."
Train-Select_People,"Just to clarify, would that be 5 tickets?"
Train-NoOffer_Choice,It appears Choice of those trains have been cancelled. 
Hotel-Select_Phone,How about the Archway House which is a guesthouse in the north and their phone number is Phone.  
Attraction-NoOffer_Fee,None of them have free entrance.
Attraction-Select_Addr,How about the adc theatre located in the centre area at park street?  