Attraction-Request_Area,We have many nice ones.  What area of town are you interested in?
Attraction-Inform_Area,"Yes, Old Schools is located in the centre area, and has no entrance fee. Anything else I can assist you with?"
Attraction-Inform_Type,There are 5 nightclubs in the centre. Ballare is one of them. Would that work for you?
Attraction-Inform_Choice,There are 44 different attractions here in cambridge.  Would you like me to pick one of them for you?
Booking-Request_Time,I'd be happy to! How many people and for what time would you like to dine?
general-reqmore_none,I have booked your table. Your reference is ZNVPVZD5. Is there anything else I can help you with?
Booking-Request_Day,It does have free wifi. On what day will you be checking in?
Booking-Inform_none,I have the Alpha-Milton guest house in the north that does not include free wifi.  Would you like for me to book a reservation for you?
Taxi-Request_Dest,I need a little more information to schedule your taxi.  What is your destination?
Booking-Book_Ref,"I will book you at the best--Name. Your booking was successful. The table will be reserved for 15 minutes.
Reference number is : Ref. Anything else I can do for you?"
Attraction-Recommend_Post,I highly recommend Name. It's free! The postcode is Postand the phone number is 01223334860.
Attraction-Recommend_Name,"Name at girton college in the west is very interest, the entrance fee is free.  Do you need more info?"
Taxi-Inform_Phone,I have booked a white volvo for you with Contact number: Phone.  Can I help with anything else today?
Taxi-Inform_Car,"Your taxi is booked and will pick you up at the restaurant at Leave. It is a grey skoda, contact number Phone. Anything I can help you with today?"
Restaurant-Recommend_Area,Name is a great place in the centre with an expensive price range. Would you like to make a reservation?
Restaurant-Recommend_Price,May I suggest Charlie Chan? It is a good chinese restaurant in the cheap price range. 
Restaurant-Recommend_Name,Name serves italian cuisine in the city centre.  Would you like a reservation?
Train-Request_Leave,And what time would you like to leave or arrive by?
Train-Request_Day,What day would you like to travel and which station do you wish to depart from?
Attraction-Inform_Post,The postcode is cb12lf. What else would you like assistance with today?
Attraction-Inform_Name,Name is located on Cherry Hinton Road and is always a fun place.  Does that interest you?
Attraction-Inform_Phone,The Nameis located in the centre is free to enter and the phone number is 01223314960. Can I help you with anything else?
general-bye_none,Thank you for calling. Enjoy your trip! Goodbye.
Attraction-Recommend_Area,There are 4 I recommend scudamores punting co it's located in the centre of town. Would that interest you?
Attraction-Inform_Addr,"Okay, Name is on Addr, postcode Post. The phone number is 01223576412. "
Train-Inform_Arrive,I have train TR4506 that leaves at 17:21 and arrives in Leicester at Arrive. Would this work for you?
Train-Inform_Id,I have train Id leaving at 6:09 and arriving by Arrive. Would you like me to book it?
general-welcome_none,Thank you for calling. Enjoy your trip! Goodbye.
Train-OfferBooked_Ref,"Your all set, the total fee is 16.5 GBP payable at the station .
Reference number is : Ref.  Anything else that I can assist with?"
Train-Request_Depart,What day would you like to travel and which station do you wish to depart from?
Train-Request_Dest,"Can you tell me where you will be departing from and heading to, please? "
Train-Inform_Leave,"I have trains leaving peterborough going to cambridge on Dayat Leave,Leave,Leave, 07:48.  Would you like to book a seat at one of those times?"
Train-OfferBook_none,I have train Id that leaves at 15:17 and arrives at Arrive. Would you like me to book it for you?
Restaurant-Inform_Post,Name is located at Addr. Its phone number is Phone and the postcode is Post. Is there anything else I can help you with? 
Train-Inform_Time,Total travel time is 50 minutes.  Would you like me to book it?
Restaurant-NoOffer_Food,I'm sorry but there are no Foodrestaurants. Is there another type that might interest you?
Restaurant-NoOffer_Area,There are no Foodrestaurants in the Area.  Would you like to try another type of restaurant?
Hotel-Request_Area,I have many options. what area would you like to be in ? 
Hotel-Request_Price,I have 3 results for hotels in the centre area. Would you prefer moderate or expensive priced?
Hotel-NoOffer_none,"Unfortunately, I don't show anything in the north that is expensive. Can I try another area or price range for you? "
Restaurant-Inform_Food,"There are three cheap Indian restaurants in the centre: Kohinoor,Name, andName. Would you like to make a reservation at one?"
Restaurant-Inform_Name,There is one Food Restaurant in town.  Name at Addr in the centre.  Would you like to make a reservation?
Restaurant-Request_Area,There are some excellent chinese restaurants in that price range. Do you have a location preference?
Restaurant-NoOffer_none,I'm sorry but no. Would you like to try any other type of food?
Booking-Book_Name,I've booked your table for 7 people on Monday at 13:45 at Kymmoy. Your reference number is Ref. Is there anything else I can help you with today?
Restaurant-Inform_Price,There are 33 restaurants in the centre serving expensive food. What type of food would you like?
Hotel-NoOffer_Type,There are no hotels in the north with your criteria. Would you like to try another area?
Hotel-Recommend_Name,"How about the acorn guest house? It has free internet and parking, four stars and is in the moderate price range? Shall I book that for you?"
Restaurant-Request_Name,There is no availability at that time in the establishment.  Would you like to try a different place? 
Restaurant-NoOffer_Price,I don't have a moderately priced Food. Would you like to try a different kind of food?
Restaurant-Inform_Addr,"Name is located at Addr and the postcode is C.B 2, 1 U.F.  Their phone number is Phone.  May I help you with anything else? "
Restaurant-Inform_Phone,"The phone number for darrys Cookhouse and Wine Shop is Phone and the postcode is C.B 1,Post Can I help you with anything else?"
Booking-Request_People,When would you like me to book this for you and how many people will be staying?
Hotel-Inform_Name,"Yes, Name is a Stars star guest house in the north, with free parking and free wifi. Would you like it booked?"
Booking-NoBook_none,"Sorry, a table isn't available at that time. Would you like to book another day or time?"
Booking-Request_Stay,Sure!  Can you tell me what day you'd like to book and for how many nights?
Restaurant-Request_Price,I have 10 chinese restaurants in the centre area. What price range would you like? 
Attraction-Request_Type,There are loads of attractions in the centre of town. Do you have a specific type in mind?
Hotel-Inform_Ref,Ok. Your reference number is : Ref. Is there anything else I can help you with today?
Hotel-Inform_Type,I have 18 different hotels in the moderate price range. Is there a certain area you would like?
Hotel-Inform_Choice,I have 18 different hotels in the moderate price range. Is there a certain area you would like?
Hotel-NoOffer_Price,There are no 4 star expensive hotels in the east side. Would you prefer to try another area or price point?
Hotel-Inform_Addr,"Certainly. Name is a 4 star, moderately priced guesthouse located in the east area. The address is Addr, postcode Post. The phone number is 01223363682. "
Hotel-Inform_Post,The postcode is cb41da. Would you like me to book that for you?
Hotel-Inform_Area,"Yes, Name is a Stars star guest house in the north, with free parking and free wifi. Would you like it booked?"
Hotel-Inform_Internet,The Name is in the north area and moderately priced. I has 4 stars and internet. Would you like to book a room?
Hotel-Recommend_Price,Okay I could recommend the Acorn Guest House that is moderately priced and rated 4 stars. Would you like a booking?
Hotel-Recommend_Area,Yes I recommend Acorn Guest House in the north.  Would you like me to book it?
Hotel-Recommend_Stars,Okay I could recommend the Acorn Guest House that is moderately priced and rated 4 stars. Would you like a booking?
Restaurant-Request_Food,Great! We have a wide variety of foods to try. Are you interested in a particular type?
Restaurant-Inform_Area,I have 10 chinese restaurants in the centre area. What price range would you like? 
Restaurant-Select_Food,"There are several restaurant matches in this area. Would you like British, Indian, Gastropub, or Chinese?"
Restaurant-Inform_Choice,I have 10 chinese restaurants in the centre area. What price range would you like? 
Booking-Book_People,I've booked your table for 7 people on Monday at 13:45 at Kymmoy. Your reference number is Ref. Is there anything else I can help you with today?
general-greet_none,Sure!  The reservation is set.  Your reference number is EOPOKFF6.  Is there anything else I can help you with today?
Hotel-Request_Stars,There are fourteen different options for your guesthouse. Is there a specific area you would like to be in? How about the star rating?
Booking-Book_Time,I've booked your table for 7 people on Monday at 13:45 at Kymmoy. Your reference number is Ref. Is there anything else I can help you with today?
Booking-Book_Day,Your reservation has been set for Monday at 12:15 for 7 people.  The reference number is Ref. Can I do anything else for you?
Taxi-Request_Leave,What time would you like to leave and arrive for your taxi?
Taxi-Request_Depart,"sure, where do you want to depart and arrive?"
Restaurant-Select_none,I have Restaurant two two in the north of town and Cote in the centre. Which would you prefer?
Train-Inform_Dest,The Idtrain arrives at cambridge at Arrive. Would you look to purchase tickets or get more information?
Train-Inform_Ticket,There is a train departing at 10:09 and arriving at 11:54 with a ticket cost of 37.80 pounds. TrainID is TR2058. Shall I book that for you?
Booking-Inform_Stay,I'm not able to secure 5 nights. I can book you for 4 nights 2 people starting on Thursday. Will that work for you? 
Booking-NoBook_Ref,"Booking was successful, and they will hold your table for 15 minutes. Your reference number is Ref. Is there anything else I can help you with today?"
Hotel-Inform_Parking,Both are available for only 4 nights. The Hamilton Lodge has parking and internet. Would you like me to book that for you?
Hotel-Select_none,"Ok, if you are happy with a guesthouse, there's alexander bed and breakfast, which is a cheap four star place in the city centre. Does that sound good?"
Train-OfferBooked_Ticket,"Booking was successful, the total fee is Ticket payable at the station . Reference number is : Ref. Anything else I can help with? "
Train-OfferBooked_People,I've booked 8 tickets for you on the train arriving at 21:01. Your reference number is Ref. Can I help you with anything else today?
Train-Request_Arrive,And what time would you like to leave or arrive by?
Booking-Inform_Name,"I've located the Name, would you like me to make reservations there for you?"
Hotel-Inform_Stars,"Name is located at Addr, in the Area. It's 4 stars and moderately priced. Would you like to book a room?"
Hotel-Request_Type,I have about 10 options of cheaper rooms. Most are guesthouses and 1 is a hotel. Do you prefer one over the other?
Hotel-Inform_none,"Yes, it does. Would you like to make a reservation?"
Restaurant-Recommend_Food,Name is a great moderately priced chinese restaurant in the centre.  Would you like me to make reservations for you?
Attraction-Inform_Fee,I would try Name located at herschel road postcode cb39al. The entrance fee is free. 
Train-Inform_Depart,"Train TR3515 will be leaving Cambridge at Leave on Tuesday, and will arrive at London Liverpool Street by Arrive. Would you like me to book it for you?"
Train-Inform_Day,"Train TR3515 will be leaving Cambridge at 19:59 on Tuesday, and will arrive at London Liverpool Street by Arrive. Would you like me to book it for you?"
Attraction-Recommend_Fee,I think you would like christ's college and the entree fee is free. 
Booking-Book_Stay,I have booked the allenbell for you starting on Tuesday for 4 nights for 7 people. Your reference number is Ref. Is there anything else I may assist with?
Hotel-Request_Parking,There are three 4-star guesthouses in the east in your price-range. Will you need free parking?
Hotel-Request_Internet,"There are six entries, do you have any other preferences in hotel choice?"
Hotel-Inform_Price,"Name is located at Addr, in the Area. It's 4 stars and moderately priced. Would you like to book a room?"
Attraction-Recommend_Phone,"How about the holy trinity church? The address, postcode and phone number are market street, cb23nz, and 01223355397."
Attraction-Select_Type,"There are 44 attractions in the center of town. Would you like a museum, or a cinema perhaps?"
Train-Request_People,"certainly, how many tickets do you need?"
Train-Inform_Choice,Yes there are 14 trains. Which day would you like to depart?
Attraction-Recommend_Addr,The Name has amazing Type. The address is Addr and the phone number is 01223332900. Do you want more information?
Booking-NoBook_Stay,I am very sorry I was unable to book for 5 nights at the alpha-milton guest house.  Would you like to try a shorter stay?
Booking-NoBook_Day,Unfortunately there is nothing available for 18:00 on Sunday. Would another date or time work for you? 
Booking-NoBook_People,"I'm sorry, there are no available table on Sunday for 4 at 18:15. Would you like to book another day or time slot?"
Train-OfferBooked_Id,I booked you on train Idand your reference number is FNNVMU8Z.
Taxi-Request_Arrive,What time would you like to leave and arrive for your taxi?
Attraction-Inform_none,"i have their info, what would you like to know?"
Train-Inform_Ref,Train Id will get you to Cambridge by Arrive. I will book it for you. Your total fee is Ticket payable at the station. Reference number is : Ref.
Hotel-NoOffer_Area,It looks like there aren't any 4 star hotels in the north.  Would you like me to check another area? 
Train-Select_none,There are trains departing from Birmingham New Street from Leave. What time would you like to travel?
Restaurant-Select_Area,We have three places that serve international cuisine that you should like. Do you prefer East or Centre?
Hotel-Inform_Phone,"Yes, university arms hotel does include internet. Their phone number is 01223351241. Is there anything else I can do for your?"
Booking-Inform_Day,"Yes, I understood you to say for friday for 4 people 5 nights is that correct? Is there anything else I can help you with today?"
Train-OfferBooked_Leave,Ok.  You are booked for 5 seats on Id.  Wednesday at Leave.  The total is 83 GBP payable at the station. Your Reference number is 8C6ZLYNK.
Hotel-Select_Price,"Yes, I have found 3 to choose from.  Would you prefer a moderate price or something cheap?"
Train-NoOffer_none,I just checked again. Unfortunately there are no trains available. Any other arrangements I can make for you? 
Hotel-NoOffer_Stars,My system is not pulling up any 4 star hotels in East.  Would you like to try a guesthouse or another area perhaps?
Hotel-Recommend_Parking,The Acorn Guest House is a moderately priced 4 star guesthouse that has free parking and wifi. Would you like me to book it for you?
Attraction-NoOffer_Area,I can't find any multiple sports attractions in town centre. Would you be interested in a different area?
Train-OfferBooked_Depart,I have booked 2 tickets for Thursday. You depart Cambridge at Leave and arrive in leicester at 9:06. Your reference number is Ref. Can I help with anything else?
Train-OfferBooked_Dest,I have booked your party of 4 on the TR3262 departing Cambridge for Broxbourne on Thursday at Leave. Your reference is Ref. Can I help you more today?
Booking-Inform_People,"I can book the lensfield hotel on Tuesday for 5 people and 3 nights, is this alright?"
Restaurant-Recommend_Addr,"I would recommend Name, a modern european joint at Addr. Would you like to make a reservation?"
Train-OfferBook_Leave,"How about TR7786, it departs at 17:00? Or would you like something a little later?"
Train-OfferBook_Id,i have several trains available. Id leaves at 15:01 and arrives at Arrive. Shall I book you a seat?
Train-Select_Arrive,There are no trains leaving at Leave.  Would you be interested in the one leaving at Arrive or 9:59?
Train-OfferBooked_Time,"Alright, I have you booked on the TR7786. Reference number is : WA4BZ1MR. The duration of the trip will be 51 minutes. Anything else?"
Train-OfferBooked_Arrive,TR9236 leaves cambridge on wednesday on 19:01 and arrives at birmingham new street at Arrive. I have booked 7 tickets. Your Reference number is : 2BGY3ZRW.
Train-Inform_People,Absolutely! Go ahead and pay Ticket at the station for the 7 tickets. Would you like your reference number?
Hotel-Recommend_Internet,There are eight guesthouses in the north. I recommend Name it has free internet and parking. Would you like me to book that? 
Restaurant-Select_Price,"Yes, there are three Chinese restaurants in the South. Would you prefer cheap or expensive? "
Train-Select_Leave,There are 5 options on Sunday from london liverpool street to cambridge. Would Sunday Leave be better? You could arrive by Arrive. Or would you prefer later in the morning?
Train-OfferBook_People,I have one leaving at Leave and arriving at Arrive. The rate is 8.08 pounds each. Would like me to make reservations for 6?
Hotel-Recommend_Addr,I recommend the Warkworth House at Addr.  Would you like me to book this for you?
Hotel-Request_Name,"Okay, can you provide the name of the hotel please?"
Hotel-Select_Name,We have ashley hotel on Addr orName on milton. Would you like me to book one of those?
Hotel-Select_Choice,I have 2 hotels that are available. Would you like to book one?
Taxi-Inform_Depart,"I have booked a cab to take you to the restaurant when you leave Depart. The booked car type is a Car.
The contact number is 07396045902."
Taxi-Inform_none,Yes I booked you one. Will you be needing anything else?
Taxi-Inform_Dest,A white Ford will pick you up at the hotel at 4:15 and take you to Dest. Contact number is Phone. Can I help you with anything else today?
Taxi-Inform_Leave,"Ok, I have booked you a Car for an Leave pickup. The contact number is Phone."
Attraction-Recommend_Type,I like castle galleries that's a museum in the centre. Would that interest you? 
Attraction-Select_none,"there are quite a few in the east. We have museum's, a boat and entertainment do you have a preference?"
Booking-NoBook_Time,Unfortunately there is nothing available for 18:00 on Sunday. Would another date or time work for you? 
Train-Select_Id,How about the Idtrain? It arrives in Stevenage at Arrive.
Booking-Book_none,Booking was successful. The table will be reserved for 15 minutes. Reference number is : JRA6G1IN. Anything else I can help you with? 
Train-OfferBook_Arrive,"I would suggest train Id, it leaves at 09:59 and will get you to your destination by Arrive. Would you like me to book that for you?"
Train-OfferBook_Dest,How about TR9823 departing ely at 15:35 and arriving in cambridge at 15:52?  Would you like me to book a seat for you?
Train-OfferBook_Depart,TR9732 departs Cambridge at Leave and arrives London Liverpool Street by Arrive. Would you like for me to book that?
Restaurant-Recommend_Phone,How about the oak bistro located at 6 lensfield road.  The post code is cb21ab and phone number Phone.  Can I book this for you?
Hotel-Recommend_none,There is only one expensive hotel on the south side. Would you like to book at The Lensfield Hotel?
Restaurant-Select_Name,How about Name? Would you like to make a reservation?
Taxi-Inform_Arrive,I've booked your taxi! A White Volkswagen will pick you up at the hotel to bring you to the restaurant by 17:45. The contact number is 07713150675. 
Train-OfferBooked_Day,I have booked 2 tickets for Thursday. You depart Cambridge at Leave and arrive in leicester at Arrive. Your reference number is Ref. Can I help with anything else?
Attraction-NoOffer_Type,I can't find any multiple sports attractions in town centre. Would you be interested in a different area?
Attraction-NoOffer_none,I don't have anything that meets those criteria. Can I check something else for you?
Attraction-Request_Price,I have over 40 great attractions in the town centre. How do you feel about entrance fees?
Attraction-Request_Name,There are a variety of attractions in the east. Are you looking for something specific? 
Hotel-Select_Type,I have 6 places. Would you prefer a guesthouse or a hotel?
Booking-NoBook_Name,"I'm sorry, that time is not available at Kohinoor. Would you like me to find another restaurant for you?"
Booking-Inform_Ref,Booking was successful. Your reference number is: Ref. Can I help with anything else?
Restaurant-Inform_Ref,I was able to book at table at Nandos for the time and date specified. Your reference number is Ref. Can I help you with anything else today?
Attraction-Select_Area,"I'm sorry, but there are no multiple sports attractions in the centre. Would you like me to look for a Type Area?"
Hotel-Recommend_Type,The Acorn Guest House is a moderately priced 4 star guesthouse that has free parking and wifi. Would you like me to book it for you?
Train-Select_Day,"Sure.  Are you looking for a train on Sunday as well?  And, what is your destination?"
Booking-Inform_Time,I will book your reservation for 10:00 on Sunday.
Hotel-Select_Area,I'm sorry for the confusion. There are two expensive hotels with 3 stars and parking. Do you prefer the centre or the south?
Hotel-Recommend_Phone,"Can I recommend autumn house located at 710 newmarket road, the phone number is Phone."
Hotel-Recommend_Post,I recommend Archway House. They are located at 52 Gilbert Road in postcode Post. Would you like me to book a room for you?
Hotel-NoOffer_Internet,There aren't any cheap 3 star hotels that have free wifi. Do you have alternative preferences?
Attraction-Select_Name,Okay! You can choose Name orName. Do either of these appeal to you?
Train-OfferBook_Day,I can book you a train for Friday leaving at Leave and arriving at 5:58. Would you like to book it?
Restaurant-Recommend_Choice,I can recommend several restaurants in the centre of town. Are you looking for any type of food in particular
Train-Inform_none,I have train TR7420 that is departing at 18:01 and arrives by 20:44. Would that be acceptable? 
Restaurant-Recommend_Post,"saffron brasserie is located at Addr, post code Post.  Their phone number is Phone. Can I help with anything else today?"
Hotel-Select_Stars,"No, both of those hotels have 2 star ratings and are located in the north part of town. Do you want a 4 star hotel Area?"
Train-OfferBooked_none,"Okay, your ticket has been booked! Would you like the reference number? "
Restaurant-Select_Choice,There's Graffiti and Travellers Rest. Which one of the two restaurants do you like? 
Restaurant-Recommend_none,"Great, there's a restaurant called kymmoy that fits your criteria. Would you like their information?"
Train-NoOffer_Depart,"There are no trains leaving cambridge and also going to cambridge, did you mean to choose another destination?"
Train-NoOffer_Dest,"There are no trains leaving cambridge and also going to cambridge, did you mean to choose another destination?"
Train-Select_Ticket,There are 2 trains that meet your needs. One arrives at 22:10 and one arrives at 24:10. Both are 10.24 pounds. Would you like for me to book one?
Attraction-Select_Fee,There are 5 located in the centre. Would you prefer one that is free?
Hotel-NoOffer_Parking,"I am sorry, there are no expensive guest houses in the north with free parking.  Would you like to try another area?"
Train-Select_Choice,I have found several trains that begin leaving at Leave to arrive by 16:45. Trains cost 12.80 pounds and are Time. Do you prefer Choice orChoice?
Train-OfferBook_Time,Certainly. It looks like the trip is 17 minutes long. When would you like to leave?
Train-NoOffer_Leave,There are no trains leaving at Leave.  Would you be interested in the one leaving at 7:59 or 9:59?
Hotel-Select_Parking,"I have found two 2-star hotels, both moderately-priced, and both with internet and parking. You can choose between the Ashley Hotel, and the Lovell Lodge. Which would you prefer?"
Restaurant-Inform_none,"I recommend Tandoori Palace, would you like me to book a table for you?"
Attraction-Inform_Price,Name is in the south area. The postcode is Post. The entrance fee is Price. Would you like the phone number?
Train-OfferBook_Ticket,"The price of the ticket is 17.90 pounds, shall I book it for you now?"
Attraction-Recommend_Choice,Would you be interested in one of the 4 theatres located in the centre?
Train-NoOffer_Day,"That train does not travel on Sunday, but Idleaves at 11:21 if that will work for you. Would you like me to book you a ticket?"
Attraction-Recommend_none,"sheep's green and lammas land park fen causeway is a park in the south. It's very nice, and admission is free. Can I get you any other information on the park?"
Train-OfferBook_Choice,i have several trains available. TR9351 leaves at 15:01 and arrives at Arrive. Shall I book you a seat?
Attraction-Inform_Open,I'm sorry. Open in our database.
Hotel-Select_Internet,I have two options for you. Both offer free parking and wifi and are 4 star rated. There is Name. Which would you prefer?
Train-Select_Depart,"Then in that case, I recommend the Id	which departs from Kings Lynn at Leave and gets into Cambridge at Arrive. Would you like me to book it for you?"
Train-Select_Dest,I just want to confirm. You need a train on Friday from Cambridge to Stansted Airport. What time would you like to depart? This is a Time train ride.
Restaurant-NoOffer_Choice,"I'm sorry, there are Choice options for the criteria you have provided. Would you like more information about Name?"
Attraction-NoOffer_Name,i am sorry but i actually am not finding any information for Name. let me do another search for you.
Attraction-Recommend_Price,"Name is moderately priced, serves British cuisine, as in the west part of town.  Shall I book this for you?"
Hotel-Recommend_Choice,The Lensfield Hotel is the only expensive hotel in the south area. Would you like any more information on this location?
Attraction-Select_Choice,"If you are interested in boating, I have Choice. I have some in the north, east and centre of town. Which do you prefer? "
Hotel-NoOffer_Name,"I'm sorry, after taking a second look, Name is not located in Area.  Would Name be okay?  It's also 4-star."
Train-NoOffer_Arrive,There are no trains at Arrive would you like to try a different time?
Attraction-NoOffer_Choice,I have none available in the centre. Would you like a different area or attraction?
Restaurant-NoOffer_Name,"Name isn't in the west part of town, but there's a moderately priced Indian restaurant called Meghna, would you like to make reservations there?"
Train-OfferBooked_Choice,"I have you booked on the Choicetrain, departing at Leave. Your reference number is FIDSQKSN. Is there anything else I can assist you with today?"
Restaurant-Select_Addr,How about Golden Wok located at 191 Histon Road Chesterton?
Train-OfferBook_Ref,All set! Your reference number is Ref. 
Attraction-Recommend_Open,The centre has 11 museums. I recommend castle galleries personally. It is free to enter.
Hotel-NoOffer_Choice,"We have many guest houses, but Choiceof them have a two star rating. Could I find something else for you?"
Train-NoOffer_Id,"Sorry it looks like Id is no longer available, I will substitute with Id which arrives same time. Booking complete 125.29 GBP payable at the station, Reference number 8XYHVB3U.Anything else? "
Hotel-Select_Addr,We have ashley hotel on Addr or lovell lodge on milton. Would you like me to book one of those?
Attraction-Select_Phone,"I don't have entrance fee information, but you could try Camboats. Their phone number is 01223902112. Can I help you with anything else?"
Attraction-Select_Price,"There are 7 museums in the west, would you prefer one that is free or one with an entrance fee?"
Attraction-NoOffer_Addr,"Price is 10.10 pounds, the travel time is 28 minutes, and the train ID is Id. I'm sorry, but I don't see any attractions Addr."
Train-Select_People,"Just to clarify, would that be just one ticket orPeople tickets?"
Train-NoOffer_Choice,"Yes, very serious. I'm not sure why but it appears Choiceof those trains have been cancelled. "
Hotel-Select_Phone,How about the Archway House which is a guesthouse in the north and their phone number is Phone.  I can book it for you if you would like.
Attraction-NoOffer_Fee,Neither park Fee. The phone number for Sheep's Green is 01223302580. Wandlebury's is 01223243830.
Attraction-Select_Addr,How about the adc theatre located in the centre area at park street?  Would you like more information on this theatre?
